{
  "AI Photo Editor Pro": {
    "Rating": 4.154531523154367,
    "Popularity_Score": 3.9115311157769543
  },
  "Fitness Tracker Plus": {
    "Rating": 4.137971484482299,
    "Popularity_Score": 3.8565449772268545
  }
}